{
  "epoch": [
    1,
    2,
    3,
    4,
    5,
    6,
    7,
    8,
    9,
    10,
    11,
    12,
    13,
    14,
    15,
    16,
    17,
    18,
    19,
    20,
    21,
    22,
    23,
    24,
    25,
    26,
    27,
    28,
    29,
    30,
    31,
    32,
    33,
    34,
    35,
    36,
    37,
    38,
    39,
    40,
    41,
    42,
    43,
    44,
    45,
    46,
    47,
    48,
    49,
    50,
    51
  ],
  "train_mse": [
    0.038075,
    0.027082,
    0.019315,
    0.016269,
    0.013587,
    0.011008,
    0.009376,
    0.007526,
    0.006642,
    0.005773,
    0.005615,
    0.004731,
    0.004104,
    0.003844,
    0.003568,
    0.003448,
    0.003143,
    0.002748,
    0.003385,
    0.00296,
    0.002704,
    0.00261,
    0.002668,
    0.002274,
    0.00222,
    0.002786,
    0.002395,
    0.002212,
    0.002314,
    0.002086,
    0.00231,
    0.002513,
    0.002204,
    0.002078,
    0.002161,
    0.001975,
    0.002116,
    0.002021,
    0.002025,
    0.001962,
    0.001924,
    0.001762,
    0.001841,
    0.001867,
    0.001664,
    0.001704,
    0.001706,
    0.001812,
    0.001571,
    0.001942,
    0.001707
  ],
  "val_mse": [
    0.00322,
    0.002048,
    0.001969,
    0.001121,
    0.000967,
    0.000804,
    0.00078,
    0.000944,
    0.0008,
    0.000912,
    0.000855,
    0.000901,
    0.000881,
    0.000978,
    0.000984,
    0.000794,
    0.000849,
    0.001019,
    0.001033,
    0.001,
    0.00111,
    0.001226,
    0.001224,
    0.001171,
    0.001356,
    0.001299,
    0.001358,
    0.001408,
    0.001284,
    0.001326,
    0.001283,
    0.001438,
    0.001279,
    0.001189,
    0.001241,
    0.001307,
    0.001202,
    0.001235,
    0.001289,
    0.001279,
    0.001308,
    0.001336,
    0.001334,
    0.001266,
    0.001354,
    0.00126,
    0.00133,
    0.001295,
    0.001349,
    0.001331,
    0.001288
  ],
  "val_mae": [
    0.037419,
    0.027926,
    0.03184,
    0.018284,
    0.016801,
    0.012369,
    0.012272,
    0.019782,
    0.015723,
    0.020123,
    0.019403,
    0.020971,
    0.020294,
    0.0222,
    0.021235,
    0.016646,
    0.016283,
    0.019075,
    0.017932,
    0.015539,
    0.016921,
    0.017315,
    0.018573,
    0.016152,
    0.016259,
    0.015688,
    0.017968,
    0.017648,
    0.011556,
    0.013432,
    0.013752,
    0.014985,
    0.015356,
    0.013603,
    0.011523,
    0.014687,
    0.013027,
    0.011497,
    0.012422,
    0.013018,
    0.012335,
    0.012538,
    0.013879,
    0.011127,
    0.014394,
    0.011533,
    0.014119,
    0.010924,
    0.012925,
    0.012915,
    0.011855
  ],
  "val_pearson_r": [
    -0.1187,
    0.2685,
    0.5857,
    0.7056,
    0.7511,
    0.7878,
    0.8001,
    0.8297,
    0.8256,
    0.855,
    0.873,
    0.8631,
    0.8582,
    0.8572,
    0.8377,
    0.8444,
    0.8331,
    0.8053,
    0.7964,
    0.7802,
    0.7515,
    0.7596,
    0.7432,
    0.75,
    0.7247,
    0.7157,
    0.712,
    0.7292,
    0.7113,
    0.6574,
    0.7292,
    0.6592,
    0.6965,
    0.725,
    0.7321,
    0.7155,
    0.7141,
    0.729,
    0.7157,
    0.7022,
    0.7155,
    0.7131,
    0.6955,
    0.7007,
    0.7076,
    0.7003,
    0.6973,
    0.7026,
    0.7057,
    0.698,
    0.6963
  ],
  "val_f1_at_025": [
    0.9995,
    0.9995,
    0.9995,
    0.9995,
    0.9995,
    0.9995,
    0.9995,
    0.9995,
    0.9995,
    0.9995,
    0.9995,
    0.9995,
    0.9995,
    0.9995,
    0.9995,
    0.9995,
    0.9995,
    0.9995,
    0.9995,
    0.9995,
    0.9995,
    0.9995,
    0.9995,
    0.9995,
    0.9995,
    0.9995,
    0.9995,
    0.9995,
    0.9995,
    0.9995,
    0.9995,
    0.9995,
    0.9995,
    0.9995,
    0.9995,
    0.9995,
    0.9995,
    0.9995,
    0.9995,
    0.9995,
    0.9995,
    0.9995,
    0.9995,
    0.9995,
    0.9995,
    0.9995,
    0.9995,
    0.9995,
    0.9995,
    0.9995,
    0.9995
  ],
  "val_auc": [
    0.0,
    0.0022,
    0.0022,
    0.011,
    0.0286,
    0.0231,
    0.0176,
    0.0297,
    0.0264,
    0.0275,
    0.022,
    0.0154,
    0.0132,
    0.011,
    0.0088,
    0.0055,
    0.0066,
    0.0044,
    0.0044,
    0.0044,
    0.0033,
    0.0044,
    0.0033,
    0.0033,
    0.0044,
    0.0033,
    0.0033,
    0.0033,
    0.0033,
    0.0022,
    0.0033,
    0.0022,
    0.0022,
    0.0033,
    0.0033,
    0.0033,
    0.0033,
    0.0033,
    0.0033,
    0.0033,
    0.0033,
    0.0033,
    0.0033,
    0.0033,
    0.0033,
    0.0033,
    0.0033,
    0.0033,
    0.0033,
    0.0033,
    0.0033
  ],
  "lr": [
    6.667e-05,
    0.00013333,
    0.0002,
    0.00026667,
    0.00033333,
    0.0004,
    0.00046667,
    0.00053333,
    0.0006,
    0.00066667,
    0.00073333,
    0.0008,
    0.00086667,
    0.00093333,
    0.001,
    0.001,
    0.00099901,
    0.00099606,
    0.00099114,
    0.00098429,
    0.00097553,
    0.00096489,
    0.00095241,
    0.00093815,
    0.00092216,
    0.00090451,
    0.00088526,
    0.00086448,
    0.00084227,
    0.00081871,
    0.00079389,
    0.00076791,
    0.00074088,
    0.00071289,
    0.00068406,
    0.00065451,
    0.00062434,
    0.00059369,
    0.00056267,
    0.0005314,
    0.0005,
    0.0004686,
    0.00043733,
    0.00040631,
    0.00037566,
    0.00034549,
    0.00031594,
    0.00028711,
    0.00025912,
    0.00023209,
    0.00020611
  ]
}