{
  "epoch": [
    1,
    2,
    3,
    4,
    5,
    6,
    7,
    8,
    9,
    10,
    11,
    12,
    13,
    14,
    15,
    16
  ],
  "train_loss": [
    0.836139,
    0.721804,
    0.653552,
    0.786623,
    0.833736,
    0.813618,
    0.836628,
    0.84026,
    0.851155,
    0.839667,
    0.867065,
    0.841852,
    0.842802,
    0.834035,
    0.833808,
    0.880238
  ],
  "train_acc": [
    0.28,
    0.4334,
    0.7026,
    0.7246,
    0.7249,
    0.7245,
    0.7249,
    0.7245,
    0.7255,
    0.7279,
    0.7286,
    0.7286,
    0.7286,
    0.7286,
    0.7286,
    0.7286
  ],
  "val_acc": [
    0.2488,
    0.7625,
    0.7625,
    0.7625,
    0.7625,
    0.7625,
    0.7625,
    0.7625,
    0.7625,
    0.7625,
    0.7625,
    0.7625,
    0.7625,
    0.7625,
    0.7625,
    0.7625
  ],
  "val_f1": [
    0.3806,
    0.0,
    0.0,
    0.0,
    0.0,
    0.0,
    0.0,
    0.0,
    0.0,
    0.0,
    0.0,
    0.0,
    0.0,
    0.0,
    0.0,
    0.0
  ],
  "val_precision": [
    0.2366,
    0.0,
    0.0,
    0.0,
    0.0,
    0.0,
    0.0,
    0.0,
    0.0,
    0.0,
    0.0,
    0.0,
    0.0,
    0.0,
    0.0,
    0.0
  ],
  "val_recall": [
    0.9716,
    0.0,
    0.0,
    0.0,
    0.0,
    0.0,
    0.0,
    0.0,
    0.0,
    0.0,
    0.0,
    0.0,
    0.0,
    0.0,
    0.0,
    0.0
  ],
  "val_auc": [
    0.5282,
    0.4644,
    0.5354,
    0.5214,
    0.525,
    0.5182,
    0.5073,
    0.5114,
    0.511,
    0.5073,
    0.4985,
    0.5045,
    0.5091,
    0.5129,
    0.5129,
    0.5169
  ],
  "lr": [
    0.0002,
    0.0004,
    0.0006,
    0.0008,
    0.001,
    0.001,
    0.00099961,
    0.00099846,
    0.00099653,
    0.00099384,
    0.00099039,
    0.00098618,
    0.00098123,
    0.00097553,
    0.0009691,
    0.00096194
  ]
}