{
  "epoch": [
    1,
    2,
    3,
    4,
    5,
    6,
    7,
    8,
    9,
    10,
    11,
    12,
    13,
    14,
    15,
    16,
    17,
    18,
    19,
    20,
    21,
    22,
    23,
    24,
    25,
    26,
    27,
    28,
    29,
    30,
    31,
    32,
    33,
    34,
    35,
    36,
    37,
    38,
    39,
    40,
    41,
    42,
    43,
    44,
    45,
    46,
    47,
    48,
    49,
    50,
    51,
    52,
    53,
    54,
    55,
    56,
    57,
    58,
    59,
    60,
    61,
    62,
    63,
    64,
    65,
    66,
    67,
    68,
    69,
    70,
    71,
    72,
    73,
    74,
    75,
    76,
    77,
    78,
    79,
    80,
    81,
    82,
    83,
    84,
    85,
    86,
    87,
    88,
    89,
    90,
    91,
    92,
    93,
    94,
    95,
    96,
    97,
    98,
    99,
    100,
    101,
    102,
    103,
    104,
    105,
    106,
    107,
    108
  ],
  "train_mse": [
    0.252176,
    0.184367,
    0.101193,
    0.035755,
    0.017109,
    0.015127,
    0.011056,
    0.010154,
    0.008989,
    0.008756,
    0.007418,
    0.007034,
    0.006192,
    0.005611,
    0.005194,
    0.004572,
    0.004417,
    0.003771,
    0.003685,
    0.003392,
    0.003307,
    0.003184,
    0.003166,
    0.002996,
    0.003389,
    0.003196,
    0.003449,
    0.003209,
    0.002906,
    0.002696,
    0.002897,
    0.002912,
    0.002903,
    0.002877,
    0.002732,
    0.002848,
    0.002863,
    0.002888,
    0.00285,
    0.002559,
    0.002785,
    0.002851,
    0.002639,
    0.002542,
    0.002673,
    0.002592,
    0.002469,
    0.002553,
    0.002586,
    0.002617,
    0.002667,
    0.002832,
    0.002529,
    0.002631,
    0.002636,
    0.002569,
    0.002471,
    0.002539,
    0.002615,
    0.002633,
    0.002511,
    0.00247,
    0.002478,
    0.002466,
    0.002613,
    0.00275,
    0.002634,
    0.002777,
    0.003062,
    0.002694,
    0.002654,
    0.002585,
    0.002533,
    0.002499,
    0.002521,
    0.002414,
    0.002495,
    0.002408,
    0.00253,
    0.003185,
    0.00313,
    0.00267,
    0.002539,
    0.002549,
    0.002679,
    0.002517,
    0.002649,
    0.002413,
    0.002474,
    0.00251,
    0.002437,
    0.002394,
    0.002361,
    0.002261,
    0.002426,
    0.002285,
    0.002266,
    0.00225,
    0.002342,
    0.002396,
    0.002235,
    0.002333,
    0.002408,
    0.00223,
    0.002297,
    0.002327,
    0.002248,
    0.00222
  ],
  "val_mse": [
    0.09384,
    0.054417,
    0.02032,
    0.008,
    0.008338,
    0.004855,
    0.002884,
    0.003119,
    0.002407,
    0.002403,
    0.002333,
    0.002373,
    0.002483,
    0.00297,
    0.002868,
    0.002924,
    0.002727,
    0.002162,
    0.002668,
    0.002287,
    0.002164,
    0.002278,
    0.002193,
    0.001981,
    0.002373,
    0.002492,
    0.001845,
    0.002018,
    0.002252,
    0.002035,
    0.002068,
    0.001978,
    0.002124,
    0.001962,
    0.002113,
    0.002015,
    0.001827,
    0.001911,
    0.001824,
    0.001952,
    0.001963,
    0.001878,
    0.00193,
    0.001963,
    0.001807,
    0.001734,
    0.00182,
    0.00187,
    0.001654,
    0.001754,
    0.001708,
    0.001694,
    0.001667,
    0.00175,
    0.001737,
    0.001802,
    0.001703,
    0.001717,
    0.001783,
    0.001753,
    0.001747,
    0.001755,
    0.001756,
    0.001754,
    0.001753,
    0.002075,
    0.001512,
    0.002202,
    0.001667,
    0.001998,
    0.001614,
    0.001855,
    0.001788,
    0.002007,
    0.001735,
    0.001955,
    0.001653,
    0.001903,
    0.001627,
    0.002071,
    0.002022,
    0.001902,
    0.00152,
    0.001803,
    0.001638,
    0.00181,
    0.001793,
    0.001659,
    0.001832,
    0.002243,
    0.002083,
    0.00217,
    0.00227,
    0.002621,
    0.002706,
    0.003031,
    0.002931,
    0.00285,
    0.002999,
    0.003063,
    0.003159,
    0.002994,
    0.002886,
    0.003021,
    0.003119,
    0.002979,
    0.003171,
    0.003113
  ],
  "val_mae": [
    0.288179,
    0.209471,
    0.105333,
    0.066562,
    0.081556,
    0.06038,
    0.039268,
    0.046765,
    0.035694,
    0.034151,
    0.026854,
    0.027919,
    0.027489,
    0.02799,
    0.027293,
    0.027716,
    0.027126,
    0.023843,
    0.027207,
    0.023573,
    0.022592,
    0.023554,
    0.02318,
    0.020692,
    0.024877,
    0.026833,
    0.01984,
    0.022151,
    0.024021,
    0.022556,
    0.023292,
    0.020935,
    0.023382,
    0.021788,
    0.026018,
    0.02516,
    0.02066,
    0.021484,
    0.020403,
    0.02267,
    0.02372,
    0.021067,
    0.022068,
    0.023023,
    0.02034,
    0.019584,
    0.0215,
    0.023153,
    0.019614,
    0.021668,
    0.020585,
    0.020281,
    0.019666,
    0.021259,
    0.020633,
    0.022158,
    0.02007,
    0.020419,
    0.021811,
    0.021116,
    0.021002,
    0.021219,
    0.021293,
    0.021258,
    0.021213,
    0.027687,
    0.020485,
    0.029482,
    0.019399,
    0.024034,
    0.019287,
    0.025553,
    0.020697,
    0.026164,
    0.019524,
    0.024254,
    0.018847,
    0.02353,
    0.019351,
    0.027721,
    0.024118,
    0.023935,
    0.018163,
    0.023173,
    0.018029,
    0.020281,
    0.021949,
    0.019527,
    0.019144,
    0.023661,
    0.021454,
    0.021772,
    0.021243,
    0.019992,
    0.018823,
    0.022551,
    0.021294,
    0.018327,
    0.019754,
    0.019979,
    0.022551,
    0.019945,
    0.018051,
    0.019981,
    0.02145,
    0.018895,
    0.021048,
    0.021182
  ],
  "val_pearson_r": [
    -0.4193,
    -0.4747,
    -0.5271,
    -0.3926,
    0.0387,
    0.4939,
    0.7831,
    0.782,
    0.7879,
    0.8172,
    0.8653,
    0.8624,
    0.8573,
    0.855,
    0.8546,
    0.8902,
    0.873,
    0.8829,
    0.9041,
    0.8945,
    0.9191,
    0.8899,
    0.9198,
    0.9052,
    0.8649,
    0.9202,
    0.909,
    0.9148,
    0.9181,
    0.9234,
    0.9183,
    0.9216,
    0.9216,
    0.9146,
    0.9329,
    0.9347,
    0.9281,
    0.9275,
    0.9243,
    0.9245,
    0.9292,
    0.918,
    0.9253,
    0.9283,
    0.9244,
    0.9273,
    0.9325,
    0.9339,
    0.9315,
    0.9341,
    0.9339,
    0.9323,
    0.928,
    0.9317,
    0.9326,
    0.9349,
    0.9336,
    0.9349,
    0.9351,
    0.9342,
    0.934,
    0.9341,
    0.9339,
    0.934,
    0.934,
    0.9325,
    0.9328,
    0.944,
    0.9172,
    0.9424,
    0.9376,
    0.9356,
    0.9286,
    0.927,
    0.92,
    0.927,
    0.9224,
    0.9257,
    0.9244,
    0.9334,
    0.9355,
    0.9374,
    0.9353,
    0.9344,
    0.9129,
    0.9215,
    0.9242,
    0.9164,
    0.8655,
    0.8458,
    0.8586,
    0.8398,
    0.8131,
    0.7411,
    0.7147,
    0.6969,
    0.7046,
    0.6949,
    0.6732,
    0.6784,
    0.683,
    0.6902,
    0.6906,
    0.6873,
    0.6802,
    0.6875,
    0.6737,
    0.6755
  ],