{
  "epoch": [
    1,
    2,
    3,
    4,
    5,
    6,
    7,
    8,
    9,
    10,
    11,
    12,
    13,
    14,
    15,
    16,
    17,
    18,
    19,
    20,
    21,
    22,
    23,
    24,
    25,
    26,
    27,
    28,
    29,
    30,
    31,
    32,
    33,
    34,
    35,
    36,
    37,
    38,
    39,
    40,
    41,
    42,
    43,
    44,
    45,
    46,
    47,
    48,
    49,
    50,
    51,
    52,
    53,
    54,
    55,
    56,
    57,
    58,
    59,
    60,
    61,
    62,
    63,
    64,
    65,
    66,
    67,
    68,
    69,
    70,
    71,
    72,
    73,
    74,
    75,
    76,
    77,
    78,
    79,
    80,
    81,
    82,
    83,
    84,
    85,
    86,
    87
  ],
  "train_mse": [
    0.017446,
    0.01547,
    0.012383,
    0.009894,
    0.007685,
    0.007014,
    0.006033,
    0.005209,
    0.004556,
    0.004081,
    0.003361,
    0.00301,
    0.002772,
    0.002529,
    0.002459,
    0.002257,
    0.002953,
    0.002144,
    0.002082,
    0.001879,
    0.001537,
    0.001473,
    0.00154,
    0.001338,
    0.001391,
    0.001476,
    0.001357,
    0.001262,
    0.001137,
    0.001074,
    0.001228,
    0.001163,
    0.001147,
    0.001163,
    0.001085,
    0.001125,
    0.00123,
    0.001096,
    0.001044,
    0.001014,
    0.000913,
    0.000951,
    0.001046,
    0.001151,
    0.000956,
    0.001055,
    0.000839,
    0.000881,
    0.000814,
    0.000835,
    0.000885,
    0.001002,
    0.000832,
    0.000942,
    0.000862,
    0.000818,
    0.000898,
    0.000838,
    0.000857,
    0.000836,
    0.000868,
    0.000881,
    0.000893,
    0.000914,
    0.000819,
    0.000944,
    0.001453,
    0.001298,
    0.001233,
    0.00116,
    0.001053,
    0.001107,
    0.000857,
    0.00145,
    0.000782,
    0.001138,
    0.001086,
    0.001001,
    0.000925,
    0.001056,
    0.000936,
    0.000763,
    0.000717,
    0.000942,
    0.000869,
    0.000713,
    0.000739
  ],
  "val_mse": [
    0.001858,
    0.001091,
    0.000878,
    0.000776,
    0.000681,
    0.000675,
    0.000691,
    0.000676,
    0.000638,
    0.000503,
    0.000469,
    0.000433,
    0.000499,
    0.000389,
    0.000327,
    0.000332,
    0.000411,
    0.000374,
    0.000302,
    0.000304,
    0.00029,
    0.000279,
    0.000311,
    0.000283,
    0.000255,
    0.000282,
    0.000264,
    0.000235,
    0.000252,
    0.000242,
    0.000301,
    0.000247,
    0.000252,
    0.000269,
    0.000225,
    0.0003,
    0.000229,
    0.000257,
    0.000243,
    0.000229,
    0.000241,
    0.000246,
    0.000246,
    0.000241,
    0.000239,
    0.000235,
    0.000223,
    0.000234,
    0.000243,
    0.000241,
    0.000235,
    0.000232,
    0.000232,
    0.000245,
    0.000242,
    0.000246,
    0.000243,
    0.00024,
    0.000242,
    0.00024,
    0.000245,
    0.000246,
    0.000248,
    0.00024,
    0.000238,
    0.000276,
    0.000324,
    0.000277,
    0.000265,
    0.000317,
    0.000284,
    0.000262,
    0.000284,
    0.000303,
    0.000298,
    0.000296,
    0.000319,
    0.000301,
    0.000267,
    0.000283,
    0.000258,
    0.000278,
    0.000254,
    0.000272,
    0.000258,
    0.000244,
    0.000268
  ],
  "val_mae": [
    0.023885,
    0.016578,
    0.015736,
    0.014852,
    0.013074,
    0.014142,
    0.01282,
    0.014293,
    0.012705,
    0.010211,
    0.01053,
    0.01082,
    0.009034,
    0.008884,
    0.007706,
    0.00796,
    0.006785,
    0.008625,
    0.007145,
    0.006006,
    0.00594,
    0.005736,
    0.007182,
    0.004842,
    0.004447,
    0.006054,
    0.005134,
    0.004476,
    0.004684,
    0.00426,
    0.00555,
    0.00489,
    0.004695,
    0.004973,
    0.005043,
    0.005492,
    0.00407,
    0.005837,
    0.005613,
    0.004286,
    0.004301,
    0.004817,
    0.004481,
    0.004238,
    0.004282,
    0.004465,
    0.003811,
    0.003893,
    0.004403,
    0.004359,
    0.004122,
    0.004146,
    0.004253,
    0.004395,
    0.004286,
    0.00426,
    0.00417,
    0.004292,
    0.004414,
    0.004328,
    0.0043,
    0.004288,
    0.004324,
    0.004266,
    0.004241,
    0.004756,
    0.0058,
    0.004795,
    0.005173,
    0.006578,
    0.006274,
    0.005008,
    0.005609,
    0.004935,
    0.005285,
    0.005617,
    0.006995,
    0.005417,
    0.004007,
    0.005893,
    0.004402,
    0.00523,
    0.00523,
    0.00514,
    0.004435,
    0.004463,
    0.005014
  ],
  "val_pearson_r": [
    0.2113,
    0.6489,
    0.7182,
    0.7818,
    0.8209,
    0.8366,
    0.82,
    0.8343,
    0.8499,
    0.8912,
    0.8873,
    0.8908,
    0.8684,
    0.9074,
    0.9103,
    0.9243,
    0.8966,
    0.8969,
    0.9231,
    0.9207,
    0.9173,
    0.9201,
    0.9239,
    0.9278,
    0.9283,
    0.9215,
    0.9263,
    0.9344,
    0.93,
    0.9316,
    0.9135,
    0.9349,
    0.9324,
    0.9235,
    0.9369,
    0.9312,
    0.9375,
    0.929,
    0.9319,
    0.9357,
    0.9311,
    0.9336,
    0.9343,
    0.9352,
    0.9365,
    0.9369,
    0.938,
    0.9343,
    0.9316,
    0.9316,
    0.9332,
    0.9342,
    0.935,
    0.9319,
    0.9319,
    0.9305,
    0.931,
    0.9326,
    0.9329,
    0.9329,
    0.9311,
    0.9309,
    0.9301,
    0.9327,
    0.9332,
    0.921,
    0.9085,
    0.9271,
    0.926,
    0.9108,
    0.933,
    0.9264,
    0.9194,
    0.9141,
    0.9242,
    0.9257,
    0.9173,
    0.922,
    0.9274,
    0.9221,
    0.93,
    0.9212,
    0.9295,
    0.9327,
    0.9287,
    0.9326,
    0.9268
  ],
  "val_f1_at_025": [
    0.9995,
    0.9995,
    0.9995,
    0.9995,
    0.9995,
    0.9995,
    0.9995,
    0.9995,
    0.9995,
    0.9995,
    0.9995,
    0.9995,
    0.9995,
    0.9995,
    0.9995,
    0.9995,
    0.9995,
    0.9995,
    0.9995,
    0.9995,
    0.9995,
    0.9995,
    0.9995,
    0.9995,
    0.9995,
    0.9995,
    0.9995,
    0.9995,
    0.9995,
    0.9995,
    0.9995,
    0.9995,
    0.9995,
    0.9995,
    0.9995,
    0.9995,
    0.9995,
    0.9995,
    0.9995,
    0.9995,
    0.9995,
    0.9995,
    0.9995,
    0.9995,
    0.9995,
    0.9995,
    0.9995,
    0.9995,
    0.9995,
    0.9995,
    0.9995,
    0.9995,
    0.9995,
    0.9995,
    0.9995,
    0.9995,
    0.9995,
    0.9995,
    0.9995,
    0.9995,
    0.9995,
    0.9995,
    0.9995,
    0.9995,
    0.9995,
    0.9995,
    0.9995,
    0.9995,
    0.9995,
    0.9995,
    0.9995,
    0.9995,
    0.9995,
    0.9995,
    0.9995,
    0.9995,
    0.9995,
    0.9995,
    0.9995,
    0.9995,
    0.9995,
    0.9995,
    0.9995,
    0.9995,
    0.9995,
    0.9995,
    0.9995
  ],
  "val_auc": [
    0.889,
    0.9385,
    0.8802,
    0.9352,
    0.9473,
    0.9527,
    0.956,
    0.9604,
    0.9626,
    0.9648,
    0.9648,
    0.9681,
    0.9714,
    0.9736,
    0.9725,
    0.9747,
    0.9747,
    0.9736,
    0.9736,
    0.9736,
    0.9736,
    0.9736,
    0.9736,
    0.9714,
    0.9714,
    0.9725,
    0.9725,
    0.9725,
    0.9736,
    0.9736,
    0.9747,
    0.9747,
    0.9747,
    0.9747,
    0.9747,
    0.9747,
    0.9747,
    0.9747,
    0.9736,
    0.9736,
    0.9736,
    0.9736,
    0.9736,
    0.9736,
    0.9736,
    0.9736,
    0.9736,
    0.9736,
    0.9736,
    0.9736,
    0.9736,
    0.9736,
    0.9736,
    0.9736,
    0.9736,
    0.9736,
    0.9736,
    0.9736,
    0.9736,
    0.9736,
    0.9736,
    0.9736,
    0.9736,
    0.9736,
    0.9736,
    0.9736,
    0.9747,
    0.9747,
    0.9736,
    0.9747,
    0.9736,
    0.9714,
    0.9725,
    0.9714,
    0.9736,
    0.9736,
    0.9736,
    0.9703,
    0.9736,
    0.9747,
    0.9747,
    0.9747,
    0.9747,
    0.9736,
    0.9736,
    0.9736,
    0.9736
  ],