{
  "epoch": [
    1,
    2,
    3,
    4,
    5,
    6,
    7,
    8,
    9,
    10,
    11,
    12,
    13,
    14,
    15,
    16,
    17,
    18,
    19,
    20,
    21,
    22,
    23,
    24,
    25,
    26,
    27,
    28,
    29,
    30,
    31,
    32,
    33,
    34,
    35,
    36,
    37,
    38,
    39,
    40,
    41,
    42,
    43,
    44,
    45,
    46,
    47,
    48,
    49,
    50,
    51,
    52,
    53,
    54,
    55,
    56,
    57,
    58,
    59,
    60,
    61,
    62,
    63,
    64,
    65,
    66,
    67,
    68,
    69,
    70,
    71,
    72,
    73,
    74,
    75,
    76,
    77,
    78,
    79,
    80,
    81,
    82,
    83,
    84,
    85,
    86,
    87,
    88,
    89,
    90,
    91,
    92,
    93,
    94,
    95,
    96,
    97,
    98,
    99,
    100,
    101,
    102,
    103,
    104,
    105,
    106,
    107,
    108,
    109,
    110,
    111,
    112,
    113,
    114,
    115,
    116,
    117,
    118,
    119,
    120,
    121,
    122,
    123,
    124,
    125,
    126,
    127,
    128,
    129,
    130,
    131,
    132,
    133,
    134,
    135,
    136,
    137,
    138,
    139,
    140,
    141,
    142,
    143,
    144,
    145,
    146,
    147,
    148,
    149,
    150,
    151,
    152,
    153,
    154,
    155,
    156,
    157,
    158,
    159,
    160,
    161,
    162,
    163,
    164,
    165,
    166,
    167,
    168,
    169,
    170,
    171,
    172,
    173,
    174,
    175
  ],
  "train_mse": [
    0.272633,
    0.246457,
    0.213439,
    0.16473,
    0.117366,
    0.078277,
    0.063133,
    0.055044,
    0.044622,
    0.038139,
    0.028134,
    0.025474,
    0.02243,
    0.020693,
    0.020813,
    0.01986,
    0.019057,
    0.018769,
    0.016352,
    0.017633,
    0.01652,
    0.016265,
    0.0154,
    0.015386,
    0.014388,
    0.013742,
    0.014228,
    0.013873,
    0.014076,
    0.014408,
    0.013866,
    0.013538,
    0.012811,
    0.011975,
    0.012426,
    0.011281,
    0.01117,
    0.013654,
    0.012943,
    0.01216,
    0.011056,
    0.011082,
    0.013021,
    0.011221,
    0.011197,
    0.011831,
    0.011032,
    0.01139,
    0.010518,
    0.010297,
    0.009917,
    0.009953,
    0.01032,
    0.010242,
    0.009696,
    0.009693,
    0.009772,
    0.010128,
    0.00969,
    0.009838,
    0.00926,
    0.00935,
    0.009597,
    0.009365,
    0.009404,
    0.011338,
    0.012252,
    0.011666,
    0.014291,
    0.012928,
    0.011292,
    0.011333,
    0.011616,
    0.01107,
    0.013154,
    0.011143,
    0.011467,
    0.009981,
    0.010064,
    0.011615,
    0.013037,
    0.010792,
    0.010689,
    0.00996,
    0.009247,
    0.009245,
    0.009196,
    0.010956,
    0.011042,
    0.009878,
    0.00903,
    0.009305,
    0.009552,
    0.009078,
    0.009484,
    0.009847,
    0.009393,
    0.009804,
    0.009813,
    0.009,
    0.009303,
    0.008453,
    0.008575,
    0.008768,
    0.009139,
    0.009289,
    0.009108,
    0.009098,
    0.00838,
    0.008122,
    0.008082,
    0.008023,
    0.00841,
    0.008212,
    0.008151,
    0.008629,
    0.008035,
    0.008155,
    0.00826,
    0.008433,
    0.008014,
    0.008058,
    0.008212,
    0.008317,
    0.00783,
    0.007994,
    0.007819,
    0.007638,
    0.00784,
    0.00797,
    0.008155,
    0.007869,
    0.007694,
    0.007715,
    0.007743,
    0.007836,
    0.00783,
    0.00792,
    0.007835,
    0.007883,
    0.007856,
    0.007859,
    0.007844,
    0.007642,
    0.007568,
    0.00754,
    0.007789,
    0.007724,
    0.007899,
    0.007912,
    0.00781,
    0.007965,
    0.007832,
    0.007719,
    0.007662,
    0.007886,
    0.007845,
    0.007499,
    0.007406,
    0.007797,
    0.00787,
    0.007678,
    0.007363,
    0.007671,
    0.007662,
    0.009226,
    0.00902,
    0.009247,
    0.009702,
    0.009451,
    0.008754,
    0.008552,
    0.008258,
    0.008486,
    0.008453
  ],
  "val_mse": [
    0.102043,
    0.083989,
    0.059454,
    0.034865,
    0.021894,
    0.021484,
    0.016045,
    0.010785,
    0.009243,
    0.007075,
    0.007496,
    0.006393,
    0.007526,
    0.006467,
    0.006534,
    0.006311,
    0.004907,
    0.005593,
    0.005656,
    0.005726,
    0.005266,
    0.007287,
    0.005,
    0.004912,
    0.004683,
    0.005197,
    0.003744,
    0.004592,
    0.004777,
    0.005001,
    0.00391,
    0.004609,
    0.003847,
    0.003658,
    0.003818,
    0.004513,
    0.003427,
    0.003681,
    0.003646,
    0.004535,
    0.003694,
    0.003908,
    0.003268,
    0.003467,
    0.003784,
    0.003647,
    0.003717,
    0.003479,
    0.003618,
    0.003277,
    0.00347,
    0.003171,
    0.003674,
    0.003216,
    0.003301,
    0.00319,
    0.003381,
    0.003342,
    0.003243,
    0.003235,
    0.003323,
    0.003199,
    0.003243,
    0.003322,
    0.003243,
    0.003424,
    0.003464,
    0.003798,
    0.004243,
    0.004472,
    0.004189,
    0.003837,
    0.003817,
    0.003996,
    0.003897,
    0.003934,
    0.003364,
    0.003483,
    0.002935,
    0.003673,
    0.003445,
    0.003636,
    0.002994,
    0.003022,
    0.002891,
    0.002887,
    0.00367,
    0.003676,
    0.003013,
    0.003121,
    0.003058,
    0.003319,
    0.003106,
    0.003317,
    0.002812,
    0.003328,
    0.004484,
    0.003124,
    0.003957,
    0.002997,
    0.002855,
    0.002804,
    0.003028,
    0.002951,
    0.003172,
    0.003714,
    0.0031,
    0.002981,
    0.00269,
    0.00269,
    0.002664,
    0.003019,
    0.002852,
    0.002833,
    0.002798,
    0.002565,
    0.002766,
    0.002554,
    0.002803,
    0.00297,
    0.002824,
    0.002809,
    0.002799,
    0.002859,
    0.002747,
    0.002925,
    0.002708,
    0.003009,
    0.002771,
    0.002984,
    0.002749,
    0.00284,
    0.002852,
    0.003006,
    0.002549,
    0.002657,
    0.002601,
    0.002911,
    0.002618,
    0.00264,
    0.002806,
    0.003083,
    0.002753,
    0.003007,
    0.002698,
    0.002877,
    0.003184,
    0.002706,
    0.002712,
    0.002898,
    0.002906,
    0.002799,
    0.002577,
    0.002684,
    0.002714,
    0.002728,
    0.002678,
    0.002684,
    0.00272,
    0.002615,
    0.002843,
    0.002692,
    0.002786,
    0.002658,
    0.002791,
    0.004048,
    0.003829,
    0.003315,
    0.003345,
    0.003271,
    0.003844,
    0.003046,
    0.002868,
    0.003398,
    0.002783
  ],