{
  "epoch": [
    1,
    2,
    3,
    4,
    5,
    6,
    7,
    8,
    9,
    10,
    11,
    12,
    13,
    14,
    15,
    16,
    17,
    18,
    19,
    20,
    21,
    22,
    23,
    24,
    25,
    26,
    27,
    28,
    29,
    30,
    31,
    32,
    33,
    34,
    35,
    36,
    37,
    38,
    39,
    40,
    41,
    42,
    43,
    44,
    45,
    46,
    47,
    48,
    49,
    50,
    51,
    52,
    53,
    54,
    55,
    56,
    57,
    58,
    59,
    60,
    61,
    62,
    63,
    64,
    65,
    66,
    67,
    68,
    69,
    70,
    71,
    72,
    73,
    74,
    75,
    76,
    77,
    78,
    79,
    80,
    81,
    82,
    83,
    84,
    85,
    86,
    87,
    88,
    89,
    90,
    91,
    92,
    93,
    94,
    95,
    96,
    97,
    98,
    99,
    100,
    101,
    102,
    103,
    104,
    105,
    106,
    107,
    108,
    109,
    110,
    111,
    112,
    113,
    114,
    115,
    116,
    117,
    118,
    119,
    120,
    121,
    122,
    123,
    124,
    125,
    126,
    127,
    128,
    129,
    130,
    131,
    132,
    133,
    134,
    135,
    136,
    137,
    138,
    139,
    140,
    141,
    142,
    143,
    144,
    145,
    146,
    147
  ],
  "train_mse": [
    0.100164,
    0.067314,
    0.036187,
    0.019523,
    0.017039,
    0.012696,
    0.011015,
    0.008686,
    0.007393,
    0.005935,
    0.005001,
    0.00439,
    0.003489,
    0.002959,
    0.002499,
    0.00222,
    0.0023,
    0.00214,
    0.001972,
    0.001929,
    0.001701,
    0.001691,
    0.001884,
    0.001781,
    0.001759,
    0.001797,
    0.001797,
    0.001506,
    0.001428,
    0.001697,
    0.00158,
    0.00194,
    0.001984,
    0.001616,
    0.001809,
    0.001527,
    0.00144,
    0.001431,
    0.001286,
    0.001366,
    0.001252,
    0.001216,
    0.00129,
    0.001297,
    0.001306,
    0.001208,
    0.001153,
    0.001178,
    0.001264,
    0.001131,
    0.001279,
    0.001251,
    0.001193,
    0.001145,
    0.00131,
    0.001288,
    0.001053,
    0.001222,
    0.00117,
    0.001073,
    0.001213,
    0.001185,
    0.001155,
    0.001148,
    0.001225,
    0.001335,
    0.001142,
    0.001259,
    0.001314,
    0.001207,
    0.001128,
    0.00122,
    0.001395,
    0.001608,
    0.001229,
    0.001396,
    0.001223,
    0.000994,
    0.001101,
    0.000938,
    0.000944,
    0.000942,
    0.00156,
    0.001321,
    0.001239,
    0.001023,
    0.001065,
    0.001138,
    0.001138,
    0.000996,
    0.001012,
    0.001066,
    0.001211,
    0.001132,
    0.001097,
    0.001177,
    0.001024,
    0.00108,
    0.001134,
    0.000995,
    0.001011,
    0.001003,
    0.000946,
    0.000962,
    0.000914,
    0.000864,
    0.000978,
    0.001356,
    0.001233,
    0.000905,
    0.000965,
    0.000838,
    0.000907,
    0.000999,
    0.000893,
    0.000817,
    0.000942,
    0.000859,
    0.000845,
    0.000831,
    0.000917,
    0.000989,
    0.000874,
    0.000745,
    0.00106,
    0.000963,
    0.001012,
    0.000965,
    0.000917,
    0.000847,
    0.000846,
    0.000879,
    0.00093,
    0.000982,
    0.000845,
    0.000924,
    0.000849,
    0.000842,
    0.000844,
    0.000804,
    0.000766,
    0.000837,
    0.000873,
    0.000832,
    0.000899,
    0.000763,
    0.000833
  ],
  "val_mse": [
    0.015175,
    0.005587,
    0.003322,
    0.006014,
    0.003592,
    0.001064,
    0.000771,
    0.000902,
    0.000695,
    0.000742,
    0.00055,
    0.000568,
    0.000491,
    0.000404,
    0.000406,
    0.000455,
    0.000445,
    0.000378,
    0.00041,
    0.000658,
    0.000407,
    0.00039,
    0.000388,
    0.000371,
    0.000358,
    0.00045,
    0.000369,
    0.000373,
    0.000356,
    0.000402,
    0.000442,
    0.000366,
    0.000415,
    0.00043,
    0.0003,
    0.000287,
    0.000292,
    0.00026,
    0.000286,
    0.000264,
    0.000256,
    0.000263,
    0.000244,
    0.000241,
    0.000248,
    0.000238,
    0.000252,
    0.000261,
    0.000261,
    0.000243,
    0.000246,
    0.000241,
    0.000256,
    0.000269,
    0.000283,
    0.000339,
    0.000266,
    0.00027,
    0.000254,
    0.000251,
    0.000242,
    0.00025,
    0.000245,
    0.000238,
    0.000249,
    0.00024,
    0.000253,
    0.000274,
    0.000223,
    0.000248,
    0.000265,
    0.000238,
    0.000469,
    0.00027,
    0.000277,
    0.000245,
    0.000218,
    0.000212,
    0.000208,
    0.000202,
    0.000237,
    0.000242,
    0.00023,
    0.000265,
    0.000238,
    0.000218,
    0.000255,
    0.000211,
    0.000196,
    0.000296,
    0.00022,
    0.000379,
    0.000246,
    0.000229,
    0.000223,
    0.000207,
    0.000212,
    0.000204,
    0.000204,
    0.000203,
    0.000209,
    0.000212,
    0.000201,
    0.000203,
    0.000201,
    0.000218,
    0.0002,
    0.000308,
    0.000202,
    0.000228,
    0.000214,
    0.000207,
    0.000206,
    0.000216,
    0.000226,
    0.000239,
    0.000229,
    0.000218,
    0.000212,
    0.000217,
    0.000226,
    0.000218,
    0.000216,
    0.000213,
    0.000213,
    0.000226,
    0.000215,
    0.000221,
    0.000217,
    0.000218,
    0.000214,
    0.00021,
    0.00021,
    0.000214,
    0.000216,
    0.000211,
    0.000215,
    0.000222,
    0.000233,
    0.000228,
    0.000233,
    0.00023,
    0.00023,
    0.00023,
    0.00024,
    0.000245,
    0.000244
  ],
  "val_mae": [
    0.110836,
    0.060416,
    0.041872,
    0.070104,
    0.053814,
    0.019128,
    0.013013,
    0.018791,
    0.010441,
    0.012431,
    0.009483,
    0.011809,
    0.011259,
    0.009714,
    0.009138,
    0.008259,
    0.008392,
    0.007041,
    0.006758,
    0.006317,
    0.007905,
    0.006017,
    0.006337,
    0.004783,
    0.006252,
    0.005553,
    0.004567,
    0.005441,
    0.005776,
    0.006352,
    0.00699,
    0.005952,
    0.007618,
    0.008706,
    0.007754,
    0.004698,
    0.005227,
    0.005508,
    0.004983,
    0.004618,
    0.004487,
    0.005334,
    0.004519,
    0.004098,
    0.005396,
    0.004273,
    0.00433,
    0.004646,
    0.00494,
    0.004309,
    0.005061,
    0.00421,
    0.004605,
    0.004296,
    0.004725,
    0.004594,
    0.00515,
    0.00467,
    0.004517,
    0.004841,
    0.004609,
    0.004452,
    0.004345,
    0.004321,
    0.004397,
    0.004141,
    0.006152,
    0.007691,
    0.004022,
    0.005209,
    0.006845,
    0.004326,
    0.004457,
    0.005842,
    0.00473,
    0.00397,
    0.004226,
    0.004291,
    0.004681,
    0.004345,
    0.00461,
    0.005592,
    0.004151,
    0.00545,
    0.005631,
    0.004948,
    0.004948,
    0.004418,
    0.004092,
    0.003913,
    0.006281,
    0.004884,
    0.004407,
    0.005051,
    0.004577,
    0.004229,
    0.005072,
    0.005486,
    0.003896,
    0.004874,
    0.00439,
    0.005298,
    0.00464,
    0.004283,
    0.004492,
    0.005431,
    0.00423,
    0.005455,
    0.004906,
    0.00571,
    0.005,
    0.004577,
    0.004288,
    0.004491,
    0.004316,
    0.004551,
    0.004497,
    0.004191,
    0.003986,
    0.004179,
    0.004832,
    0.004526,
    0.004568,
    0.00426,
    0.003895,
    0.004662,
    0.004593,
    0.004743,
    0.004129,
    0.004223,
    0.004172,
    0.004343,
    0.004118,
    0.004298,
    0.004419,
    0.00408,
    0.003981,
    0.00414,
    0.004706,
    0.004323,
    0.004227,
    0.004345,
    0.004317,
    0.004126,
    0.004027,
    0.004099,
    0.004154
  ],