{
  "epoch": [
    1,
    2,
    3,
    4,
    5,
    6,
    7,
    8,
    9,
    10,
    11,
    12,
    13,
    14,
    15,
    16,
    17,
    18,
    19,
    20,
    21,
    22,
    23,
    24,
    25,
    26,
    27,
    28,
    29,
    30,
    31,
    32,
    33,
    34,
    35,
    36,
    37,
    38,
    39,
    40,
    41,
    42,
    43,
    44,
    45,
    46,
    47,
    48,
    49,
    50,
    51,
    52,
    53,
    54
  ],
  "train_mse": [
    0.232711,
    0.165261,
    0.08549,
    0.033392,
    0.01501,
    0.013992,
    0.011364,
    0.010282,
    0.009293,
    0.008651,
    0.007589,
    0.006823,
    0.0063,
    0.005514,
    0.004882,
    0.00453,
    0.003788,
    0.004466,
    0.003721,
    0.003735,
    0.00331,
    0.00336,
    0.003451,
    0.003294,
    0.003126,
    0.003142,
    0.003089,
    0.003138,
    0.002958,
    0.002914,
    0.00305,
    0.002975,
    0.002949,
    0.002924,
    0.002991,
    0.002903,
    0.002971,
    0.002945,
    0.002834,
    0.002976,
    0.002945,
    0.002812,
    0.002766,
    0.002816,
    0.002863,
    0.00289,
    0.002719,
    0.002764,
    0.002678,
    0.002789,
    0.002771,
    0.002577,
    0.002781,
    0.002626
  ],
  "val_mse": [
    0.077999,
    0.042772,
    0.015011,
    0.005841,
    0.007046,
    0.005072,
    0.003224,
    0.002875,
    0.002819,
    0.002516,
    0.002698,
    0.00272,
    0.002694,
    0.002839,
    0.002784,
    0.002861,
    0.003174,
    0.002981,
    0.002594,
    0.002915,
    0.002768,
    0.002667,
    0.002867,
    0.002866,
    0.002877,
    0.002829,
    0.00281,
    0.002914,
    0.002942,
    0.002955,
    0.002762,
    0.002738,
    0.002741,
    0.002934,
    0.002896,
    0.002789,
    0.002901,
    0.003019,
    0.002994,
    0.002856,
    0.002873,
    0.002861,
    0.002994,
    0.002858,
    0.002893,
    0.002984,
    0.002959,
    0.002909,
    0.002844,
    0.002943,
    0.002961,
    0.002913,
    0.002938,
    0.002922
  ],
  "val_mae": [
    0.261889,
    0.18237,
    0.087416,
    0.052002,
    0.074131,
    0.06098,
    0.038786,
    0.037202,
    0.040377,
    0.033204,
    0.029833,
    0.029592,
    0.02895,
    0.026928,
    0.02546,
    0.02341,
    0.026693,
    0.02377,
    0.02315,
    0.022703,
    0.021348,
    0.023212,
    0.022169,
    0.0227,
    0.02068,
    0.020962,
    0.0207,
    0.022057,
    0.022558,
    0.022634,
    0.020322,
    0.019639,
    0.020207,
    0.019755,
    0.019431,
    0.019788,
    0.019363,
    0.020422,
    0.020961,
    0.018553,
    0.018587,
    0.019533,
    0.021934,
    0.018033,
    0.018057,
    0.020297,
    0.019426,
    0.019007,
    0.017689,
    0.019656,
    0.020053,
    0.018635,
    0.019393,
    0.018451
  ],
  "val_pearson_r": [
    -0.4911,
    -0.5927,
    -0.5709,
    -0.2153,
    0.0918,
    0.4642,
    0.692,
    0.7364,
    0.753,
    0.7853,
    0.8017,
    0.8088,
    0.7892,
    0.8201,
    0.7895,
    0.712,
    0.7283,
    0.7041,
    0.796,
    0.7158,
    0.716,
    0.7158,
    0.7202,
    0.7258,
    0.7019,
    0.7121,
    0.7022,
    0.7106,
    0.7113,
    0.7045,
    0.6969,
    0.7054,
    0.6965,
    0.6752,
    0.6831,
    0.6877,
    0.6892,
    0.6812,
    0.6855,
    0.6885,
    0.6893,
    0.7024,
    0.701,
    0.686,
    0.687,
    0.6907,
    0.687,
    0.6933,
    0.6915,
    0.6945,
    0.6933,
    0.689,
    0.6925,
    0.6878
  ],
  "val_f1_at_025": [
    0.5597,
    0.5597,
    0.5578,
    0.134,
    0.1108,
    0.1347,
    0.1919,
    0.2699,
    0.2938,
    0.3357,
    0.3333,
    0.3372,
    0.4559,
    0.7143,
    0.7939,
    0.875,
    0.8846,
    0.9324,
    0.9014,
    0.9113,
    0.9475,
    0.7292,
    0.9112,
    0.8914,
    0.9253,
    0.9305,
    0.9355,
    0.9009,
    0.8833,
    0.8608,
    0.9318,
    0.9562,
    0.8923,
    0.9359,
    0.9568,
    0.9187,
    0.9386,
    0.9188,
    0.9164,
    0.9599,
    0.9365,
    0.9107,
    0.8684,
    0.9648,
    0.9472,
    0.8948,
    0.9143,
    0.9131,
    0.9538,
    0.8914,
    0.8894,
    0.9215,
    0.9028,
    0.9374
  ],
  "val_auc": [
    0.3704,
    0.3024,
    0.34,
    0.5619,
    0.7865,
    0.9254,
    0.9142,
    0.9375,
    0.9665,
    0.9709,
    0.9639,
    0.9685,
    0.9688,
    0.9709,
    0.9766,
    0.9812,
    0.9832,
    0.9817,
    0.9815,
    0.9868,
    0.9855,
    0.9878,
    0.986,
    0.9876,
    0.9896,
    0.9876,
    0.9859,
    0.9895,
    0.986,
    0.9814,
    0.9883,
    0.9911,
    0.987,
    0.9908,
    0.9918,
    0.9923,
    0.9905,
    0.9924,
    0.9895,
    0.9905,
    0.9897,
    0.9899,
    0.992,
    0.9919,
    0.9919,
    0.9933,
    0.9921,
    0.9921,
    0.9919,
    0.9922,
    0.9929,
    0.9931,
    0.9931,
    0.992
  ],
  "lr": [
    6.667e-05,
    0.00013333,
    0.0002,
    0.00026667,
    0.00033333,
    0.0004,
    0.00046667,
    0.00053333,
    0.0006,
    0.00066667,
    0.00073333,
    0.0008,
    0.00086667,
    0.00093333,
    0.001,
    0.001,
    0.00099901,
    0.00099606,
    0.00099114,
    0.00098429,
    0.00097553,
    0.00096489,
    0.00095241,
    0.00093815,
    0.00092216,
    0.00090451,
    0.00088526,
    0.00086448,
    0.00084227,
    0.00081871,
    0.00079389,
    0.00076791,
    0.00074088,
    0.00071289,
    0.00068406,
    0.00065451,
    0.00062434,
    0.00059369,
    0.00056267,
    0.0005314,
    0.0005,
    0.0004686,
    0.00043733,
    0.00040631,
    0.00037566,
    0.00034549,
    0.00031594,
    0.00028711,
    0.00025912,
    0.00023209,
    0.00020611,
    0.00018129,
    0.00015773,
    0.00013552
  ]
}