{
  "epoch": [
    1,
    2,
    3,
    4,
    5,
    6,
    7,
    8,
    9,
    10,
    11,
    12,
    13,
    14,
    15,
    16,
    17,
    18,
    19,
    20,
    21,
    22,
    23,
    24,
    25,
    26,
    27,
    28,
    29,
    30,
    31,
    32,
    33,
    34,
    35,
    36,
    37,
    38,
    39,
    40,
    41,
    42,
    43,
    44,
    45,
    46,
    47,
    48,
    49,
    50,
    51,
    52,
    53,
    54,
    55,
    56,
    57,
    58,
    59,
    60,
    61,
    62,
    63,
    64,
    65
  ],
  "train_mse": [
    0.122405,
    0.094157,
    0.058696,
    0.025268,
    0.01193,
    0.011869,
    0.009249,
    0.008135,
    0.007839,
    0.006975,
    0.006843,
    0.006188,
    0.006107,
    0.005931,
    0.005045,
    0.004846,
    0.004494,
    0.00437,
    0.004075,
    0.003969,
    0.003746,
    0.003219,
    0.00312,
    0.002903,
    0.002701,
    0.002531,
    0.002466,
    0.002482,
    0.002545,
    0.002313,
    0.002254,
    0.002974,
    0.002279,
    0.002575,
    0.00203,
    0.002434,
    0.002084,
    0.002118,
    0.002214,
    0.00228,
    0.002011,
    0.002033,
    0.001919,
    0.002163,
    0.002294,
    0.002102,
    0.001789,
    0.001988,
    0.002107,
    0.002101,
    0.002028,
    0.001859,
    0.00207,
    0.001903,
    0.001935,
    0.001766,
    0.001889,
    0.001836,
    0.001848,
    0.001706,
    0.001935,
    0.001931,
    0.001794,
    0.00188,
    0.001862
  ],
  "val_mse": [
    0.035649,
    0.019078,
    0.005143,
    0.00188,
    0.006001,
    0.005023,
    0.002203,
    0.001479,
    0.001939,
    0.001759,
    0.000996,
    0.001175,
    0.000752,
    0.000817,
    0.000649,
    0.000554,
    0.000482,
    0.000447,
    0.00048,
    0.000424,
    0.00034,
    0.00032,
    0.000266,
    0.000266,
    0.00023,
    0.000266,
    0.0004,
    0.000294,
    0.000242,
    0.000407,
    0.000274,
    0.00021,
    0.000308,
    0.000425,
    0.00034,
    0.000315,
    0.000402,
    0.000537,
    0.000438,
    0.00041,
    0.000504,
    0.000569,
    0.000517,
    0.000321,
    0.000423,
    0.000535,
    0.000638,
    0.000723,
    0.000672,
    0.000749,
    0.000686,
    0.000646,
    0.000702,
    0.000745,
    0.000729,
    0.000737,
    0.000729,
    0.000719,
    0.00072,
    0.000718,
    0.000722,
    0.000728,
    0.000732,
    0.000733,
    0.000733
  ],
  "val_mae": [
    0.183477,
    0.131639,
    0.061101,
    0.028273,
    0.070866,
    0.065605,
    0.03903,
    0.028374,
    0.03695,
    0.034641,
    0.020167,
    0.025731,
    0.014355,
    0.018734,
    0.01239,
    0.010554,
    0.009152,
    0.007878,
    0.009635,
    0.009302,
    0.008483,
    0.00845,
    0.007571,
    0.007304,
    0.006422,
    0.007214,
    0.007801,
    0.010203,
    0.005801,
    0.005927,
    0.008524,
    0.0055,
    0.005599,
    0.008553,
    0.007911,
    0.005542,
    0.006792,
    0.008266,
    0.008105,
    0.006494,
    0.005526,
    0.005933,
    0.006827,
    0.006201,
    0.007325,
    0.005864,
    0.006319,
    0.007773,
    0.006751,
    0.006586,
    0.007328,
    0.006917,
    0.00676,
    0.007245,
    0.006173,
    0.006768,
    0.00666,
    0.006701,
    0.007091,
    0.006737,
    0.006637,
    0.006725,
    0.006803,
    0.006831,
    0.006818
  ],
  "val_pearson_r": [
    0.1588,
    0.2564,
    0.4964,
    0.5177,
    0.5077,
    0.6497,
    0.7269,
    0.7559,
    0.7827,
    0.788,
    0.8159,
    0.8404,
    0.8346,
    0.8798,
    0.8757,
    0.8932,
    0.9271,
    0.9405,
    0.9041,
    0.9262,
    0.9563,
    0.9408,
    0.9599,
    0.96,
    0.962,
    0.9493,
    0.9109,
    0.9526,
    0.9477,
    0.9003,
    0.9509,
    0.9527,
    0.927,
    0.9038,
    0.924,
    0.9242,
    0.9035,
    0.8689,
    0.8958,
    0.9022,
    0.8755,
    0.8617,
    0.8747,
    0.9239,
    0.9028,
    0.8727,
    0.8427,
    0.8286,
    0.8339,
    0.8181,
    0.8337,
    0.8415,
    0.8309,
    0.8252,
    0.8229,
    0.8224,
    0.8224,
    0.8244,
    0.8265,
    0.8254,
    0.8245,
    0.8235,
    0.8228,
    0.8228,
    0.8229
  ],
  "val_f1_at_025": [
    0.5159,
    0.5171,
    0.5264,
    0.4194,
    0.0534,
    0.0928,
    0.2513,
    0.3772,
    0.2343,
    0.2646,
    0.4058,
    0.2553,
    0.5102,
    0.282,
    0.6439,
    0.6279,
    0.664,
    0.8807,
    0.8497,
    0.792,
    0.6585,
    0.6515,
    0.7452,
    0.789,
    0.8273,
    0.9163,
    0.9191,
    0.8137,
    0.9665,
    0.8693,
    0.9231,
    0.9492,
    0.8675,
    0.9026,
    0.947,
    0.884,
    0.9578,
    0.6138,
    0.8825,
    0.92,
    0.9469,
    0.9388,
    0.9333,
    0.8896,
    0.8757,
    0.9308,
    0.833,
    0.905,
    0.938,
    0.9415,
    0.9388,
    0.959,
    0.9347,
    0.8938,
    0.966,
    0.9374,
    0.9569,
    0.9527,
    0.9215,
    0.9388,
    0.9471,
    0.9374,
    0.9333,
    0.9331,
    0.9333
  ],
  "val_auc": [
    0.8487,
    0.8548,
    0.9017,
    0.8363,
    0.8297,
    0.9357,
    0.9362,
    0.9344,
    0.9569,
    0.9531,
    0.9416,
    0.9558,
    0.9652,
    0.9639,
    0.9138,
    0.9697,
    0.9805,
    0.9789,
    0.9654,
    0.9468,
    0.9587,
    0.9811,
    0.9816,
    0.9784,
    0.9913,
    0.9922,
    0.9873,
    0.9909,
    0.9918,
    0.9868,
    0.9919,
    0.9916,
    0.9909,
    0.9871,
    0.9882,
    0.9841,
    0.9872,
    0.9858,
    0.9697,
    0.9927,
    0.9869,
    0.988,
    0.9885,
    0.9899,
    0.9927,
    0.9909,
    0.9894,
    0.9901,
    0.9893,
    0.9897,
    0.9878,
    0.9881,
    0.9881,
    0.9894,
    0.9898,
    0.9901,
    0.9909,
    0.9929,
    0.9913,
    0.9911,
    0.9921,
    0.9911,
    0.9908,
    0.991,
    0.9905
  ],
  "lr": [
    6.667e-05,
    0.00013333,
    0.0002,
    0.00026667,
    0.00033333,
    0.0004,
    0.00046667,
    0.00053333,
    0.0006,
    0.00066667,
    0.00073333,
    0.0008,
    0.00086667,
    0.00093333,
    0.001,
    0.001,
    0.00099901,
    0.00099606,
    0.00099114,
    0.00098429,
    0.00097553,
    0.00096489,
    0.00095241,
    0.00093815,
    0.00092216,
    0.00090451,
    0.00088526,
    0.00086448,
    0.00084227,
    0.00081871,
    0.00079389,
    0.00076791,
    0.00074088,
    0.00071289,
    0.00068406,
    0.00065451,
    0.00062434,
    0.00059369,
    0.00056267,
    0.0005314,
    0.0005,
    0.0004686,
    0.00043733,
    0.00040631,
    0.00037566,
    0.00034549,
    0.00031594,
    0.00028711,
    0.00025912,
    0.00023209,
    0.00020611,
    0.00018129,
    0.00015773,
    0.00013552,
    0.00011474,
    9.549e-05,
    7.784e-05,
    6.185e-05,
    4.759e-05,
    3.511e-05,
    2.447e-05,
    1.571e-05,
    8.86e-06,
    3.94e-06,
    9.9e-07
  ]
}