{
  "epoch": [
    1,
    2,
    3,
    4,
    5,
    6,
    7,
    8,
    9,
    10,
    11,
    12,
    13,
    14,
    15,
    16,
    17,
    18,
    19,
    20,
    21,
    22,
    23,
    24,
    25,
    26,
    27,
    28,
    29,
    30,
    31,
    32,
    33,
    34,
    35,
    36,
    37,
    38,
    39,
    40,
    41,
    42,
    43,
    44,
    45,
    46,
    47,
    48,
    49,
    50,
    51,
    52,
    53,
    54,
    55,
    56,
    57,
    58,
    59,
    60,
    61,
    62,
    63,
    64,
    65,
    66,
    67,
    68,
    69,
    70,
    71,
    72,
    73,
    74,
    75,
    76,
    77,
    78,
    79,
    80
  ],
  "train_mse": [
    0.118688,
    0.112087,
    0.1035,
    0.091591,
    0.076419,
    0.061592,
    0.047604,
    0.033029,
    0.02038,
    0.010308,
    0.005848,
    0.006814,
    0.009461,
    0.011526,
    0.012218,
    0.011642,
    0.010271,
    0.008246,
    0.005975,
    0.005583,
    0.006144,
    0.006699,
    0.006535,
    0.005867,
    0.00536,
    0.005021,
    0.00524,
    0.005446,
    0.005439,
    0.005074,
    0.004839,
    0.004659,
    0.004703,
    0.004889,
    0.004959,
    0.004668,
    0.004646,
    0.004375,
    0.004319,
    0.004465,
    0.004567,
    0.004423,
    0.004394,
    0.004158,
    0.004303,
    0.004275,
    0.004275,
    0.00404,
    0.004051,
    0.004114,
    0.004087,
    0.004034,
    0.004092,
    0.003965,
    0.004116,
    0.004108,
    0.004026,
    0.003965,
    0.004072,
    0.003917,
    0.003865,
    0.003834,
    0.003953,
    0.004016,
    0.003997,
    0.00393,
    0.003851,
    0.003912,
    0.003891,
    0.00392,
    0.003882,
    0.003819,
    0.00402,
    0.003887,
    0.003855,
    0.003762,
    0.003795,
    0.003953,
    0.003934,
    0.003933
  ],
  "val_mse": [
    0.113694,
    0.097409,
    0.079994,
    0.06476,
    0.053557,
    0.037484,
    0.019973,
    0.008297,
    0.002669,
    0.002984,
    0.006896,
    0.011077,
    0.013588,
    0.014111,
    0.012745,
    0.010015,
    0.006607,
    0.003626,
    0.002269,
    0.00273,
    0.003705,
    0.003673,
    0.002871,
    0.002205,
    0.002254,
    0.002876,
    0.003368,
    0.003385,
    0.002996,
    0.002518,
    0.002212,
    0.002191,
    0.002328,
    0.002418,
    0.002355,
    0.002216,
    0.002136,
    0.002207,
    0.002374,
    0.002509,
    0.002508,
    0.002385,
    0.002246,
    0.002174,
    0.002175,
    0.002204,
    0.002211,
    0.00218,
    0.002141,
    0.002133,
    0.002161,
    0.002201,
    0.002225,
    0.002214,
    0.002187,
    0.002157,
    0.002147,
    0.002154,
    0.002169,
    0.002161,
    0.002148,
    0.002139,
    0.002146,
    0.002158,
    0.002162,
    0.002157,
    0.002145,
    0.002149,
    0.002172,
    0.002174,
    0.002172,
    0.002166,
    0.002148,
    0.00214,
    0.002134,
    0.002148,
    0.002142,
    0.002159,
    0.002134,
    0.002135
  ],
  "val_mae": [
    0.33439,
    0.308811,
    0.279267,
    0.25054,
    0.227041,
    0.18825,
    0.133964,
    0.079179,
    0.028587,
    0.040531,
    0.075068,
    0.098648,
    0.110292,
    0.112426,
    0.106087,
    0.092628,
    0.072996,
    0.048241,
    0.027938,
    0.029798,
    0.042199,
    0.04184,
    0.031849,
    0.024073,
    0.029004,
    0.039189,
    0.045273,
    0.045426,
    0.040735,
    0.033741,
    0.027624,
    0.024507,
    0.02571,
    0.026676,
    0.025999,
    0.024275,
    0.024702,
    0.027772,
    0.031291,
    0.033584,
    0.033552,
    0.031454,
    0.028581,
    0.026145,
    0.024686,
    0.024215,
    0.024207,
    0.023846,
    0.024066,
    0.024972,
    0.026461,
    0.027609,
    0.028199,
    0.027865,
    0.027036,
    0.025703,
    0.024628,
    0.024015,
    0.023858,
    0.02383,
    0.024128,
    0.024635,
    0.025366,
    0.026098,
    0.026336,
    0.026131,
    0.025496,
    0.02478,
    0.024348,
    0.023964,
    0.023883,
    0.023862,
    0.023996,
    0.024433,
    0.0248,
    0.025269,
    0.025359,
    0.025465,
    0.024834,
    0.024586
  ],
  "val_pearson_r": [
    -0.0484,
    -0.0681,
    -0.0644,
    -0.0546,
    -0.0554,
    -0.1219,
    -0.1865,
    -0.2646,
    -0.2487,
    0.0231,
    0.0639,
    0.0768,
    0.0801,
    0.0814,
    0.0821,
    0.0828,
    0.0836,
    0.0861,
    0.0872,
    0.0917,
    0.0948,
    0.0986,
    0.0969,
    0.0929,
    0.0887,
    0.0856,
    0.0844,
    0.0837,
    0.0832,
    0.0828,
    0.0827,
    0.0826,
    0.0826,
    0.0825,
    0.0824,
    0.0821,
    0.0819,
    0.0815,
    0.081,
    0.0807,
    0.0805,
    0.0805,
    0.0805,
    0.0804,
    0.0803,
    0.0802,
    0.0799,
    0.0794,
    0.08,
    0.0802,
    0.0796,
    0.0788,
    0.0794,
    0.0798,
    0.0796,
    0.0789,
    0.077,
    0.0738,
    0.0723,
    0.0696,
    0.0699,
    0.0718,
    0.0773,
    0.0783,
    0.0768,
    0.0776,
    0.0766,
    0.0755,
    0.0748,
    0.076,
    0.0764,
    0.0764,
    0.076,
    0.0762,
    0.0762,
    0.0774,
    0.078,
    0.0779,
    0.0795,
    0.0789
  ],
  "val_f1_at_025": [
    0.5247,
    0.5247,
    0.5247,
    0.5247,
    0.5247,
    0.5247,
    0.5247,
    0.5247,
    0.5247,
    0.0,
    0.0,
    0.0,
    0.0,
    0.0,
    0.0,
    0.0925,
    0.0925,
    0.0925,
    0.0925,
    0.5247,
    0.5247,
    0.5247,
    0.5247,
    0.0922,
    0.0925,
    0.0479,
    0.0479,
    0.0925,
    0.0925,
    0.0925,
    0.0925,
    0.0925,
    0.0922,
    0.5251,
    0.1246,
    0.0925,
    0.0925,
    0.0925,
    0.0925,
    0.0925,
    0.0925,
    0.0925,
    0.0925,
    0.0925,
    0.0925,
    0.0925,
    0.0925,
    0.0925,
    0.0925,
    0.0925,
    0.0925,
    0.0925,
    0.0925,
    0.0925,
    0.0925,
    0.0925,
    0.0925,
    0.0925,
    0.0925,
    0.0925,
    0.0925,
    0.0925,
    0.0925,
    0.0925,
    0.0925,
    0.0925,
    0.0925,
    0.0925,
    0.0925,
    0.0925,
    0.0925,
    0.0925,
    0.0925,
    0.0925,
    0.0925,
    0.0925,
    0.0925,
    0.0925,
    0.0925,
    0.0925
  ],
  "val_auc": [
    0.7835,
    0.8517,
    0.5713,
    0.8215,
    0.8566,
    0.4281,
    0.1332,
    0.1125,
    0.2244,
    0.2661,
    0.2752,
    0.2968,
    0.37,
    0.5508,
    0.7129,
    0.8392,
    0.8794,
    0.9205,
    0.9228,
    0.9224,
    0.9235,
    0.933,
    0.9473,
    0.9475,
    0.9486,
    0.9507,
    0.9495,
    0.9474,
    0.9446,
    0.9419,
    0.9393,
    0.9369,
    0.9347,
    0.9329,
    0.9311,
    0.9275,
    0.9252,
    0.9209,
    0.9184,
    0.9161,
    0.9142,
    0.9128,
    0.9152,
    0.9146,
    0.9142,
    0.9137,
    0.913,
    0.9119,
    0.9105,
    0.909,
    0.9078,
    0.9068,
    0.9062,
    0.9057,
    0.9057,
    0.906,
    0.9063,
    0.9063,
    0.9063,
    0.9058,
    0.905,
    0.9041,
    0.9027,
    0.9015,
    0.9006,
    0.9003,
    0.9017,
    0.9022,
    0.9028,
    0.8909,
    0.8911,
    0.891,
    0.8902,
    0.893,
    0.8918,
    0.8908,
    0.8907,
    0.8855,
    0.8902,
    0.8902
  ],