{
  "epoch": [
    1,
    2,
    3,
    4,
    5,
    6,
    7,
    8,
    9,
    10,
    11,
    12,
    13,
    14,
    15,
    16,
    17,
    18,
    19,
    20,
    21,
    22,
    23,
    24,
    25,
    26,
    27,
    28,
    29,
    30,
    31,
    32,
    33,
    34,
    35,
    36,
    37,
    38,
    39,
    40,
    41,
    42,
    43,
    44,
    45,
    46,
    47,
    48,
    49,
    50,
    51,
    52,
    53,
    54,
    55,
    56,
    57,
    58,
    59,
    60,
    61,
    62,
    63,
    64,
    65
  ],
  "train_mse": [
    0.294311,
    0.242881,
    0.169211,
    0.087561,
    0.026994,
    0.015057,
    0.015612,
    0.011545,
    0.010836,
    0.009319,
    0.008536,
    0.007788,
    0.006848,
    0.006836,
    0.005984,
    0.005779,
    0.004921,
    0.004567,
    0.004288,
    0.004276,
    0.004246,
    0.003903,
    0.004027,
    0.003386,
    0.003567,
    0.003839,
    0.003289,
    0.003364,
    0.003324,
    0.003034,
    0.002976,
    0.003161,
    0.003081,
    0.003094,
    0.002857,
    0.003126,
    0.002856,
    0.002845,
    0.002737,
    0.002759,
    0.00276,
    0.002644,
    0.002824,
    0.002741,
    0.00269,
    0.002593,
    0.002842,
    0.002612,
    0.002635,
    0.002675,
    0.002567,
    0.002618,
    0.002661,
    0.002617,
    0.002501,
    0.002459,
    0.002544,
    0.002603,
    0.002538,
    0.002616,
    0.002609,
    0.002441,
    0.002715,
    0.002727,
    0.002711
  ],
  "val_mse": [
    0.09225,
    0.059274,
    0.023505,
    0.003818,
    0.003966,
    0.008636,
    0.004651,
    0.001647,
    0.001874,
    0.002456,
    0.00122,
    0.001502,
    0.000964,
    0.000936,
    0.000794,
    0.000733,
    0.000642,
    0.00052,
    0.000442,
    0.000457,
    0.000298,
    0.000332,
    0.000334,
    0.00036,
    0.00023,
    0.000338,
    0.000703,
    0.000652,
    0.000471,
    0.000539,
    0.000695,
    0.000822,
    0.000703,
    0.000616,
    0.000831,
    0.000941,
    0.000783,
    0.000739,
    0.000715,
    0.000717,
    0.000832,
    0.000921,
    0.000858,
    0.000876,
    0.000962,
    0.000942,
    0.000914,
    0.000842,
    0.000816,
    0.000826,
    0.000906,
    0.000949,
    0.000992,
    0.001011,
    0.001032,
    0.001031,
    0.001036,
    0.001057,
    0.001048,
    0.001056,
    0.001059,
    0.001059,
    0.001061,
    0.00106,
    0.00106
  ],
  "val_mae": [
    0.299108,
    0.237821,
    0.146572,
    0.044748,
    0.052882,
    0.086425,
    0.060937,
    0.026666,
    0.033326,
    0.042107,
    0.022882,
    0.029489,
    0.018197,
    0.018251,
    0.013618,
    0.012147,
    0.011758,
    0.009396,
    0.010356,
    0.015016,
    0.00844,
    0.00857,
    0.008529,
    0.010887,
    0.007418,
    0.00725,
    0.007662,
    0.007859,
    0.007467,
    0.006758,
    0.006827,
    0.006647,
    0.006945,
    0.007336,
    0.006559,
    0.006362,
    0.006198,
    0.006443,
    0.00608,
    0.008316,
    0.006657,
    0.009277,
    0.007112,
    0.006775,
    0.007704,
    0.005986,
    0.00612,
    0.006333,
    0.006266,
    0.006086,
    0.006825,
    0.006108,
    0.00618,
    0.006465,
    0.007235,
    0.006361,
    0.006435,
    0.007113,
    0.006684,
    0.00631,
    0.006363,
    0.006467,
    0.006538,
    0.006553,
    0.006581
  ],
  "val_pearson_r": [
    0.2903,
    0.2655,
    0.2761,
    0.314,
    0.2519,
    0.2709,
    0.4547,
    0.6466,
    0.7056,
    0.7255,
    0.7557,
    0.7949,
    0.8059,
    0.8143,
    0.8384,
    0.8413,
    0.8865,
    0.9037,
    0.9216,
    0.9355,
    0.9594,
    0.9368,
    0.9487,
    0.9441,
    0.9614,
    0.9249,
    0.8215,
    0.8362,
    0.8863,
    0.8658,
    0.8263,
    0.7972,
    0.8221,
    0.847,
    0.7974,
    0.7763,
    0.8071,
    0.8197,
    0.8234,
    0.8314,
    0.7945,
    0.7869,
    0.7917,
    0.7872,
    0.7795,
    0.7778,
    0.7835,
    0.799,
    0.8048,
    0.8011,
    0.7887,
    0.7764,
    0.7693,
    0.7651,
    0.7638,
    0.7602,
    0.7593,
    0.7589,
    0.7591,
    0.7563,
    0.756,
    0.7564,
    0.7569,
    0.757,
    0.757
  ],
  "val_f1_at_025": [
    0.5247,
    0.5247,
    0.5215,
    0.5763,
    0.0762,
    0.0592,
    0.0872,
    0.3881,
    0.2691,
    0.1967,
    0.4758,
    0.2192,
    0.4434,
    0.4507,
    0.6017,
    0.6294,
    0.5273,
    0.8151,
    0.5172,
    0.2782,
    0.9142,
    0.8743,
    0.9078,
    0.4,
    0.9082,
    0.924,
    0.8871,
    0.9231,
    0.928,
    0.9163,
    0.9373,
    0.9315,
    0.8889,
    0.9264,
    0.9421,
    0.9486,
    0.9296,
    0.9174,
    0.9187,
    0.8427,
    0.9076,
    0.834,
    0.8982,
    0.8467,
    0.8617,
    0.9399,
    0.944,
    0.9193,
    0.9149,
    0.9302,
    0.8985,
    0.8867,
    0.9341,
    0.9363,
    0.8951,
    0.928,
    0.9383,
    0.892,
    0.9112,
    0.9329,
    0.9302,
    0.9298,
    0.9191,
    0.9191,
    0.918
  ],
  "val_auc": [
    0.7264,
    0.6782,
    0.6911,
    0.7585,
    0.7293,
    0.7771,
    0.836,
    0.8748,
    0.9115,
    0.9293,
    0.9308,
    0.9594,
    0.9573,
    0.9698,
    0.979,
    0.9793,
    0.9789,
    0.9768,
    0.9849,
    0.984,
    0.9926,
    0.9626,
    0.9809,
    0.9797,
    0.9849,
    0.9836,
    0.9757,
    0.976,
    0.9758,
    0.9834,
    0.9867,
    0.9878,
    0.9833,
    0.9826,
    0.9832,
    0.9865,
    0.9856,
    0.9848,
    0.9853,
    0.9855,
    0.98,
    0.9806,
    0.9788,
    0.9828,
    0.9867,
    0.9849,
    0.984,
    0.9856,
    0.9859,
    0.9844,
    0.9884,
    0.9876,
    0.9878,
    0.9858,
    0.9885,
    0.9871,
    0.9863,
    0.9871,
    0.9857,
    0.9864,
    0.9868,
    0.9878,
    0.9871,
    0.9878,
    0.9869
  ],
  "lr": [
    6.667e-05,
    0.00013333,
    0.0002,
    0.00026667,
    0.00033333,
    0.0004,
    0.00046667,
    0.00053333,
    0.0006,
    0.00066667,
    0.00073333,
    0.0008,
    0.00086667,
    0.00093333,
    0.001,
    0.001,
    0.00099901,
    0.00099606,
    0.00099114,
    0.00098429,
    0.00097553,
    0.00096489,
    0.00095241,
    0.00093815,
    0.00092216,
    0.00090451,
    0.00088526,
    0.00086448,
    0.00084227,
    0.00081871,
    0.00079389,
    0.00076791,
    0.00074088,
    0.00071289,
    0.00068406,
    0.00065451,
    0.00062434,
    0.00059369,
    0.00056267,
    0.0005314,
    0.0005,
    0.0004686,
    0.00043733,
    0.00040631,
    0.00037566,
    0.00034549,
    0.00031594,
    0.00028711,
    0.00025912,
    0.00023209,
    0.00020611,
    0.00018129,
    0.00015773,
    0.00013552,
    0.00011474,
    9.549e-05,
    7.784e-05,
    6.185e-05,
    4.759e-05,
    3.511e-05,
    2.447e-05,
    1.571e-05,
    8.86e-06,
    3.94e-06,
    9.9e-07
  ]
}