{
  "epoch": [
    1,
    2,
    3,
    4,
    5,
    6,
    7,
    8,
    9,
    10,
    11,
    12,
    13,
    14,
    15
  ],
  "train_loss": [
    NaN,
    NaN,
    NaN,
    NaN,
    NaN,
    NaN,
    NaN,
    NaN,
    NaN,
    NaN,
    NaN,
    NaN,
    NaN,
    NaN,
    NaN
  ],
  "train_acc": [
    0.7023,
    0.7024,
    0.7019,
    0.7026,
    0.7017,
    0.7026,
    0.7023,
    0.7025,
    0.7023,
    0.7026,
    0.7017,
    0.7026,
    0.7025,
    0.7022,
    0.702
  ],
  "val_acc": [
    0.7625,
    0.7625,
    0.7625,
    0.7625,
    0.7625,
    0.7625,
    0.7625,
    0.7625,
    0.7625,
    0.7625,
    0.7625,
    0.7625,
    0.7625,
    0.7625,
    0.7625
  ],
  "val_f1": [
    0.0,
    0.0,
    0.0,
    0.0,
    0.0,
    0.0,
    0.0,
    0.0,
    0.0,
    0.0,
    0.0,
    0.0,
    0.0,
    0.0,
    0.0
  ],
  "val_precision": [
    0.0,
    0.0,
    0.0,
    0.0,
    0.0,
    0.0,
    0.0,
    0.0,
    0.0,
    0.0,
    0.0,
    0.0,
    0.0,
    0.0,
    0.0
  ],
  "val_recall": [
    0.0,
    0.0,
    0.0,
    0.0,
    0.0,
    0.0,
    0.0,
    0.0,
    0.0,
    0.0,
    0.0,
    0.0,
    0.0,
    0.0,
    0.0
  ],
  "val_auc": [
    0.478,
    0.478,
    0.478,
    0.478,
    0.478,
    0.478,
    0.478,
    0.478,
    0.478,
    0.478,
    0.478,
    0.478,
    0.478,
    0.478,
    0.478
  ],
  "lr": [
    0.0002,
    0.0004,
    0.0006,
    0.0008,
    0.001,
    0.001,
    0.00099961,
    0.00099846,
    0.00099653,
    0.00099384,
    0.00099039,
    0.00098618,
    0.00098123,
    0.00097553,
    0.0009691
  ]
}