{
  "epoch": [
    1,
    2,
    3,
    4,
    5,
    6,
    7,
    8,
    9,
    10,
    11,
    12,
    13,
    14,
    15,
    16,
    17,
    18,
    19,
    20,
    21,
    22,
    23,
    24,
    25,
    26,
    27,
    28,
    29,
    30,
    31,
    32,
    33,
    34,
    35,
    36,
    37,
    38,
    39,
    40,
    41,
    42,
    43,
    44,
    45,
    46,
    47,
    48,
    49,
    50,
    51,
    52,
    53,
    54,
    55,
    56,
    57,
    58,
    59,
    60,
    61,
    62,
    63,
    64,
    65,
    66,
    67,
    68,
    69,
    70,
    71,
    72,
    73,
    74,
    75,
    76,
    77,
    78,
    79,
    80,
    81,
    82,
    83,
    84,
    85,
    86,
    87,
    88,
    89,
    90,
    91,
    92,
    93,
    94,
    95,
    96,
    97,
    98,
    99,
    100,
    101,
    102,
    103,
    104,
    105,
    106,
    107,
    108,
    109,
    110,
    111,
    112,
    113,
    114,
    115,
    116,
    117,
    118,
    119,
    120,
    121,
    122,
    123,
    124,
    125,
    126,
    127,
    128,
    129,
    130,
    131,
    132,
    133,
    134,
    135,
    136,
    137,
    138,
    139,
    140,
    141,
    142,
    143,
    144,
    145,
    146,
    147,
    148,
    149,
    150,
    151,
    152,
    153,
    154,
    155,
    156,
    157,
    158,
    159,
    160,
    161,
    162,
    163,
    164,
    165,
    166,
    167,
    168,
    169,
    170,
    171,
    172,
    173,
    174,
    175,
    176,
    177,
    178,
    179,
    180,
    181,
    182,
    183
  ],
  "train_mse": [
    0.316536,
    0.287727,
    0.255079,
    0.21701,
    0.166769,
    0.112472,
    0.072495,
    0.061915,
    0.051158,
    0.039905,
    0.031555,
    0.027535,
    0.022975,
    0.025413,
    0.022028,
    0.019696,
    0.01929,
    0.019026,
    0.018157,
    0.016428,
    0.016879,
    0.016245,
    0.015593,
    0.015551,
    0.015772,
    0.017036,
    0.01551,
    0.014982,
    0.013744,
    0.015158,
    0.01421,
    0.014133,
    0.014684,
    0.012529,
    0.013688,
    0.013551,
    0.013263,
    0.013054,
    0.01261,
    0.011353,
    0.012078,
    0.011688,
    0.012143,
    0.010844,
    0.011258,
    0.011142,
    0.010675,
    0.010513,
    0.010471,
    0.010193,
    0.009609,
    0.008881,
    0.008478,
    0.008452,
    0.00807,
    0.007694,
    0.007636,
    0.007204,
    0.007243,
    0.007059,
    0.007138,
    0.006952,
    0.007257,
    0.00712,
    0.007056,
    0.009317,
    0.010244,
    0.012635,
    0.01509,
    0.01392,
    0.012501,
    0.012047,
    0.011166,
    0.011093,
    0.012587,
    0.01165,
    0.011651,
    0.011679,
    0.009477,
    0.010084,
    0.010119,
    0.009489,
    0.009367,
    0.011425,
    0.010176,
    0.009333,
    0.008572,
    0.008532,
    0.008835,
    0.008947,
    0.007982,
    0.008384,
    0.008479,
    0.007774,
    0.009394,
    0.008643,
    0.007697,
    0.007512,
    0.007693,
    0.00791,
    0.007124,
    0.006665,
    0.005718,
    0.006305,
    0.006296,
    0.006195,
    0.006387,
    0.005559,
    0.005604,
    0.005928,
    0.004427,
    0.005328,
    0.004814,
    0.004984,
    0.004447,
    0.004218,
    0.004401,
    0.004363,
    0.004483,
    0.004465,
    0.004617,
    0.005012,
    0.004394,
    0.003982,
    0.004808,
    0.004054,
    0.004334,
    0.003896,
    0.003874,
    0.004037,
    0.004189,
    0.003918,
    0.003942,
    0.003789,
    0.003719,
    0.003766,
    0.003975,
    0.003814,
    0.003792,
    0.003688,
    0.003805,
    0.003677,
    0.003582,
    0.003597,
    0.003652,
    0.003703,
    0.003743,
    0.003707,
    0.00364,
    0.003517,
    0.003702,
    0.003487,
    0.00351,
    0.003477,
    0.003695,
    0.003648,
    0.003486,
    0.003562,
    0.003605,
    0.003636,
    0.003482,
    0.00338,
    0.003503,
    0.003719,
    0.003433,
    0.004624,
    0.007895,
    0.006316,
    0.006779,
    0.006539,
    0.006083,
    0.005195,
    0.006041,
    0.00506,
    0.006143,
    0.00652,
    0.005029,
    0.006155,
    0.006856,
    0.007149,
    0.006163,
    0.004713,
    0.005002
  ],
  "val_mse": [
    0.16075,
    0.132102,
    0.10324,
    0.071131,
    0.036302,
    0.022285,
    0.025407,
    0.015732,
    0.014588,
    0.008764,
    0.009106,
    0.005857,
    0.008733,
    0.011066,
    0.006357,
    0.006607,
    0.007244,
    0.005482,
    0.006284,
    0.00504,
    0.00455,
    0.004535,
    0.00563,
    0.007071,
    0.00492,
    0.005125,
    0.005126,
    0.004813,
    0.005104,
    0.004554,
    0.004398,
    0.00592,
    0.004135,
    0.004839,
    0.004602,
    0.005045,
    0.004607,
    0.003737,
    0.004467,
    0.004113,
    0.004394,
    0.003665,
    0.003812,
    0.003873,
    0.00357,
    0.003792,
    0.003182,
    0.003878,
    0.003257,
    0.003517,
    0.002849,
    0.002997,
    0.002859,
    0.002809,
    0.002577,
    0.002571,
    0.002404,
    0.002229,
    0.002372,
    0.002395,
    0.002324,
    0.002286,
    0.002299,
    0.002307,
    0.00232,
    0.002478,
    0.003491,
    0.002435,
    0.00738,
    0.005932,
    0.004642,
    0.003383,
    0.003909,
    0.003553,
    0.004663,
    0.004293,
    0.004341,
    0.003691,
    0.003036,
    0.003548,
    0.002978,
    0.002635,
    0.003625,
    0.003475,
    0.003066,
    0.002937,
    0.002997,
    0.002785,
    0.00348,
    0.003224,
    0.003626,
    0.002864,
    0.00333,
    0.003528,
    0.003619,
    0.003008,
    0.00223,
    0.00182,
    0.001653,
    0.002426,
    0.001889,
    0.001987,
    0.00202,
    0.001673,
    0.002006,
    0.001844,
    0.001841,
    0.002127,
    0.002721,
    0.002564,
    0.001993,
    0.002106,
    0.002386,
    0.001878,
    0.001652,
    0.001682,
    0.001829,
    0.002067,
    0.00204,
    0.002091,
    0.00196,
    0.002251,
    0.002187,
    0.002268,
    0.001758,
    0.001589,
    0.001645,
    0.001516,
    0.002089,
    0.001578,
    0.002222,
    0.001664,
    0.001572,
    0.002013,
    0.001914,
    0.001887,
    0.002009,
    0.001584,
    0.001886,
    0.001978,
    0.001683,
    0.001735,
    0.001497,
    0.001775,
    0.001863,
    0.001833,
    0.001696,
    0.001773,
    0.001839,
    0.001706,
    0.001849,
    0.001846,
    0.001936,
    0.001733,
    0.001727,
    0.001805,
    0.001764,
    0.001759,
    0.001731,
    0.001813,
    0.001816,
    0.001774,
    0.001805,
    0.001742,
    0.001779,
    0.001805,
    0.001849,
    0.004353,
    0.003134,
    0.003348,
    0.001948,
    0.002387,
    0.001769,
    0.001922,
    0.003719,
    0.003435,
    0.002898,
    0.002258,
    0.002587,
    0.002267,
    0.001848,
    0.00204,
    0.002173
  ],