{
  "epoch": [
    1,
    2,
    3,
    4,
    5,
    6,
    7,
    8,
    9,
    10,
    11,
    12,
    13,
    14,
    15,
    16,
    17,
    18,
    19,
    20,
    21,
    22,
    23,
    24,
    25,
    26,
    27,
    28,
    29,
    30,
    31,
    32,
    33,
    34,
    35,
    36,
    37,
    38,
    39,
    40,
    41,
    42,
    43,
    44,
    45,
    46,
    47,
    48,
    49,
    50,
    51,
    52,
    53,
    54,
    55,
    56,
    57,
    58,
    59,
    60,
    61,
    62,
    63,
    64,
    65,
    66,
    67,
    68,
    69,
    70,
    71,
    72,
    73,
    74,
    75,
    76,
    77,
    78,
    79,
    80,
    81,
    82,
    83,
    84,
    85,
    86,
    87,
    88,
    89,
    90,
    91,
    92,
    93,
    94,
    95,
    96,
    97,
    98,
    99,
    100,
    101,
    102,
    103
  ],
  "train_mse": [
    0.076475,
    0.070734,
    0.061939,
    0.048377,
    0.035581,
    0.022397,
    0.011889,
    0.006548,
    0.00567,
    0.007781,
    0.009646,
    0.010324,
    0.00937,
    0.007986,
    0.006353,
    0.005309,
    0.005162,
    0.005719,
    0.005723,
    0.00514,
    0.004734,
    0.00458,
    0.004806,
    0.004784,
    0.004529,
    0.0043,
    0.004226,
    0.004292,
    0.004234,
    0.004106,
    0.003886,
    0.00393,
    0.003796,
    0.004037,
    0.003775,
    0.003791,
    0.003681,
    0.003729,
    0.003595,
    0.003582,
    0.003545,
    0.003721,
    0.003488,
    0.003544,
    0.00367,
    0.003499,
    0.003628,
    0.003563,
    0.003696,
    0.003436,
    0.00348,
    0.003425,
    0.003419,
    0.00345,
    0.003357,
    0.003491,
    0.003362,
    0.003428,
    0.003369,
    0.003436,
    0.003584,
    0.003413,
    0.00337,
    0.003437,
    0.003433,
    0.003422,
    0.00344,
    0.003492,
    0.003516,
    0.003521,
    0.003389,
    0.003418,
    0.003457,
    0.003415,
    0.003501,
    0.003395,
    0.003421,
    0.00345,
    0.003464,
    0.003429,
    0.003457,
    0.003473,
    0.003453,
    0.003459,
    0.003411,
    0.003644,
    0.003236,
    0.003434,
    0.003478,
    0.003353,
    0.003451,
    0.003352,
    0.003538,
    0.003402,
    0.003404,
    0.00349,
    0.003347,
    0.003403,
    0.003518,
    0.00346,
    0.003408,
    0.003294,
    0.00341
  ],
  "val_mse": [
    0.071016,
    0.060102,
    0.044461,
    0.024269,
    0.009317,
    0.002462,
    0.002772,
    0.005929,
    0.010136,
    0.012674,
    0.012809,
    0.01136,
    0.008431,
    0.005258,
    0.003034,
    0.002154,
    0.002474,
    0.002587,
    0.002292,
    0.002152,
    0.00249,
    0.002957,
    0.003066,
    0.002802,
    0.002425,
    0.002211,
    0.002218,
    0.002258,
    0.002207,
    0.002141,
    0.002179,
    0.002316,
    0.002409,
    0.002357,
    0.00223,
    0.002159,
    0.002169,
    0.002192,
    0.002174,
    0.002147,
    0.002173,
    0.002225,
    0.002245,
    0.002212,
    0.002171,
    0.002165,
    0.00218,
    0.002171,
    0.002146,
    0.002139,
    0.002149,
    0.002159,
    0.002152,
    0.002146,
    0.002154,
    0.002165,
    0.002163,
    0.002152,
    0.002144,
    0.002142,
    0.002141,
    0.002142,
    0.002144,
    0.002152,
    0.002158,
    0.002158,
    0.002153,
    0.002148,
    0.002143,
    0.002141,
    0.002141,
    0.00214,
    0.002138,
    0.002139,
    0.002143,
    0.002149,
    0.002152,
    0.002152,
    0.002151,
    0.002151,
    0.002151,
    0.002149,
    0.002149,
    0.00215,
    0.002151,
    0.002151,
    0.002151,
    0.002153,
    0.002147,
    0.002144,
    0.002142,
    0.002142,
    0.002145,
    0.002148,
    0.002143,
    0.002142,
    0.002144,
    0.002153,
    0.002158,
    0.00215,
    0.002148,
    0.002144,
    0.002144
  ],
  "val_mae": [
    0.262626,
    0.240266,
    0.205349,
    0.149203,
    0.086187,
    0.027284,
    0.037992,
    0.06837,
    0.093714,
    0.105707,
    0.106358,
    0.100017,
    0.084602,
    0.063168,
    0.041171,
    0.024804,
    0.027001,
    0.028139,
    0.025129,
    0.025724,
    0.033189,
    0.040167,
    0.041599,
    0.038091,
    0.031998,
    0.026779,
    0.024506,
    0.024799,
    0.024118,
    0.024416,
    0.026888,
    0.030196,
    0.031843,
    0.030946,
    0.028241,
    0.025793,
    0.024606,
    0.024256,
    0.024334,
    0.024986,
    0.026732,
    0.028174,
    0.028659,
    0.027793,
    0.026345,
    0.025141,
    0.024712,
    0.024473,
    0.024608,
    0.025093,
    0.025832,
    0.026287,
    0.025964,
    0.025286,
    0.024915,
    0.024822,
    0.024821,
    0.024826,
    0.024927,
    0.025043,
    0.025117,
    0.024995,
    0.02495,
    0.024998,
    0.025121,
    0.025197,
    0.025254,
    0.025242,
    0.025078,
    0.024985,
    0.024943,
    0.024926,
    0.024896,
    0.024936,
    0.025068,
    0.025195,
    0.025383,
    0.025502,
    0.02553,
    0.025506,
    0.025368,
    0.025219,
    0.025113,
    0.025197,
    0.025231,
    0.025272,
    0.025249,
    0.025297,
    0.025173,
    0.025084,
    0.025004,
    0.024892,
    0.024803,
    0.024749,
    0.024736,
    0.024919,
    0.02522,
    0.025673,
    0.025838,
    0.025713,
    0.025534,
    0.025287,
    0.025039
  ],
  "val_pearson_r": [
    -0.0914,
    -0.1132,
    -0.1224,
    -0.0583,
    0.0614,
    0.1009,
    0.1412,
    0.1284,
    0.1092,
    0.094,
    0.0854,
    0.0825,
    0.0803,
    0.0722,
    0.0668,
    0.0535,
    0.012,
    -0.2878,
    -0.16,
    0.0391,
    0.0655,
    0.0725,
    0.0748,
    0.0756,
    0.0755,
    0.075,
    0.0741,
    0.0725,
    0.0675,
    0.0643,
    0.0635,
    0.067,
    0.0697,
    0.0717,
    0.0733,
    0.0742,
    0.0744,
    0.074,
    0.0729,
    0.0718,
    0.0709,
    0.0707,
    0.0712,
    0.0723,
    0.073,
    0.0735,
    0.0737,
    0.0727,
    0.0707,
    0.0679,
    0.0658,
    0.0657,
    0.0679,
    0.0705,
    0.073,
    0.0741,
    0.0738,
    0.0722,
    0.0695,
    0.0688,
    0.0689,
    0.0701,
    0.0721,
    0.074,
    0.0744,
    0.0733,
    0.0716,
    0.071,
    0.0707,
    0.0701,
    0.0697,
    0.0701,
    0.0702,
    0.0705,
    0.0708,
    0.0705,
    0.07,
    0.0708,
    0.0693,
    0.0682,
    0.0685,
    0.0691,
    0.0699,
    0.0715,
    0.0723,
    0.073,
    0.0736,
    0.0739,
    0.0729,
    0.0718,
    0.0708,
    0.07,
    0.0704,
    0.0708,
    0.0707,
    0.0704,
    0.0701,
    0.0697,
    0.0692,
    0.0692,
    0.0701,
    0.0717,
    0.0724
  ],
  "val_f1_at_025": [
    0.5247,
    0.5247,
    0.5247,
    0.5247,
    0.5247,
    0.5273,
    0.0,
    0.0,
    0.0,
    0.0,
    0.0925,
    0.0925,
    0.0925,
    0.0925,
    0.0925,
    0.0925,
    0.5247,
    0.5247,
    0.0473,
    0.0476,
    0.0925,
    0.0925,
    0.0925,
    0.0925,
    0.0925,
    0.0925,
    0.0925,
    0.0925,
    0.0925,
    0.0925,
    0.0925,
    0.0476,
    0.0476,
    0.0925,
    0.0925,
    0.0925,
    0.0925,
    0.0925,
    0.0925,
    0.0925,
    0.0925,
    0.0925,
    0.0925,
    0.0925,
    0.0925,
    0.0925,
    0.0925,
    0.0925,
    0.0925,
    0.0925,
    0.0925,
    0.0476,
    0.0925,
    0.0925,
    0.0925,
    0.0925,
    0.0925,
    0.0925,
    0.0925,
    0.0925,
    0.0925,
    0.0925,
    0.0925,
    0.0925,
    0.0925,
    0.0925,
    0.0925,
    0.0925,
    0.0925,
    0.0925,
    0.0925,
    0.0925,
    0.0925,
    0.0925,
    0.0925,
    0.0925,
    0.0925,
    0.0925,
    0.0925,
    0.0925,
    0.0925,
    0.0925,
    0.0925,
    0.0925,
    0.0925,
    0.0925,
    0.0925,
    0.0925,
    0.0925,
    0.0925,
    0.0925,
    0.0925,
    0.0925,
    0.0925,
    0.0925,
    0.0925,
    0.0925,
    0.0925,
    0.0925,
    0.0925,
    0.0925,
    0.0925,
    0.0925
  ],